{
    "name": "ArxSmartPtr",
    "keywords": "smart ptr, shared ptr, stl",
    "description": "C++ smart pointer-like classes for Arduino which cannot use standard smart pointers",
    "repository": {
        "type": "git",
        "url": "https://github.com/hideakitai/ArxSmartPtr.git"
    },
    "authors": {
        "name": "Hideaki Tai",
        "url": "https://github.com/hideakitai",
        "maintainer": true
    },
    "version": "0.2.1",
    "license": "MIT",
    "frameworks": "arduino",
    "platforms": "*"
}
